Player	Age	MP	FG	FGA	3P	3PA	2P	2PA	eFG%	FT	FTA	TRB	AST	STL	BLK	TOV	SALARY
Kobe Bryant	37	28.2	6	16.9	2	7.1	4	9.8	0.417	3.5	4.3	3.7	2.8	0.9	0.2	2	25000000
LeBron James	31	35.6	9.7	18.6	1.1	3.7	8.6	14.9	0.551	4.7	6.5	7.4	6.8	1.4	0.6	3.3	22970500
Carmelo Anthony	31	35.1	7.9	18.2	1.5	4.3	6.4	13.8	0.474	4.6	5.6	7.7	4.2	0.9	0.5	2.4	22875000
Dwight Howard	30	32.1	5.2	8.5	0	0.1	5.2	8.4	0.62	3.3	6.7	11.8	1.4	1	1.6	2.3	22359364
Chris Bosh	31	33.5	6.8	14.5	1.5	4.2	5.2	10.3	0.52	4	5.1	7.4	2.4	0.7	0.6	1.5	22192730
Chris Paul	30	32.7	7	15.1	1.6	4.4	5.3	10.6	0.517	4	4.4	4.2	10	2.1	0.2	2.6	21468695
Kevin Durant	27	35.8	9.7	19.2	2.6	6.7	7.1	12.5	0.573	6.2	6.9	8.2	5	1	1.2	3.5	20158622
Derrick Rose	27	31.8	6.8	15.9	0.7	2.3	6.1	13.6	0.448	2.2	2.7	3.4	4.7	0.7	0.2	2.7	20093064
Dwyane Wade	34	30.5	7.3	16	0.1	0.6	7.2	15.4	0.459	4.4	5.5	4.1	4.6	1.1	0.6	2.7	20000000
LaMarcus Aldridge	30	30.6	7.2	14.1	0	0.2	7.2	13.9	0.513	3.5	4.1	8.5	1.5	0.5	1.1	1.3	19689000
Kevin Love	27	31.5	5.3	12.7	2.1	5.7	3.3	7	0.499	3.4	4.1	9.9	2.4	0.8	0.5	1.8	19689000
Marc Gasol	31	34.4	6.3	13.6	0	0.1	6.3	13.5	0.465	3.9	4.7	7	3.8	1	1.3	2.3	19688000
Blake Griffin	26	33.4	8.6	17.2	0.2	0.5	8.4	16.7	0.504	4	5.5	8.4	4.9	0.8	0.5	2.4	18907726
Paul Millsap	30	32.7	6.2	13.2	0.9	2.9	5.3	10.3	0.505	3.8	5	9	3.3	1.8	1.7	2.4	18671659
Paul George	25	34.8	7.5	17.9	2.6	7	4.9	10.9	0.49	5.6	6.5	7	4.1	1.9	0.4	3.3	17120106
Russell Westbrook	27	34.4	8.2	18.1	1.3	4.3	6.9	13.8	0.489	5.8	7.2	7.8	10.4	2	0.3	4.3	16744218
Kyrie Irving	23	31.5	7.4	16.6	1.6	4.9	5.8	11.6	0.496	3.2	3.6	3	4.7	1.1	0.3	2.3	16407501
Kawhi Leonard	24	33.1	7.7	15.1	1.8	4	5.9	11.1	0.565	4.1	4.6	6.8	2.6	1.8	1	1.5	16407500
Jimmy Butler	26	36.9	7	15.4	1	3.1	6.1	12.4	0.485	5.9	7.1	5.3	4.8	1.6	0.6	2	16407500
Enes Kanter	23	21	5	8.8	0.1	0.3	4.9	8.5	0.583	2.4	3.1	8.1	0.4	0.3	0.4	1.4	16407500
Tobias Harris	23	33.1	5.5	11.7	1.1	3.1	4.4	8.6	0.514	2.7	3.2	6.7	2.2	0.9	0.5	1.4	16000000
DeMarcus Cousins	25	34.6	9.2	20.5	1.1	3.2	8.2	17.3	0.477	7.3	10.2	11.5	3.3	1.6	1.4	3.8	15851950
John Wall	25	36.2	7.4	17.5	1.5	4.3	5.9	13.3	0.467	3.5	4.5	4.9	10.2	1.9	0.8	4.1	15851950
James Harden	26	38.1	8.7	19.7	2.9	8	5.8	11.7	0.512	8.8	10.2	6.1	7.5	1.7	0.6	4.6	15756438
Roy Hibbert	29	23.2	2.2	5.1	0	0	2.2	5	0.443	1.4	1.8	4.9	1.2	0.4	1.4	0.9	15592217
Eric Gordon	27	32.9	5.1	12.3	2.5	6.5	2.6	5.7	0.521	2.5	2.8	2.2	2.7	1	0.3	1.6	15514031
Klay Thompson	25	33.3	8.1	17.3	3.5	8.1	4.7	9.2	0.569	2.4	2.8	3.8	2.1	0.8	0.6	1.7	15501000
Gordon Hayward	25	36.2	6.5	15	1.8	5.1	4.7	9.9	0.493	4.9	6	5	3.7	1.2	0.3	2.5	15409570
Chandler Parsons	27	29.5	5.2	10.7	1.7	4.1	3.5	6.6	0.571	1.5	2.2	4.7	2.8	0.8	0.3	1.6	15361500
Goran Dragic	29	32.8	5.8	12.2	0.9	2.8	4.9	9.3	0.513	1.7	2.3	3.8	5.8	1	0.2	2.6	14783000
Khris Middleton	24	36.1	6.4	14.5	1.8	4.6	4.6	9.9	0.507	3.5	3.9	3.8	4.2	1.7	0.2	2.3	14700000
Draymond Green	25	34.7	5	10.1	1.2	3.2	3.7	6.9	0.551	2.8	4.1	9.5	7.4	1.5	1.4	3.2	14260870
Tristan Thompson	24	27.7	3	5.1	0	0	3	5.1	0.588	1.8	3	9	0.8	0.5	0.6	0.7	14260870
Danilo Gallinari	27	34.7	5.4	13.2	1.6	4.5	3.8	8.7	0.472	7.1	8.2	5.3	2.5	0.8	0.4	1.5	14000000
Reggie Jackson	25	30.7	6.8	15.7	1.5	4.2	5.3	11.5	0.482	3.7	4.3	3.2	6.2	0.7	0.1	2.8	13913044
Andrew Bogut	31	20.7	2.5	4	0	0	2.5	4	0.629	0.3	0.7	7	2.3	0.5	1.6	1.2	13800000
DeMarre Carroll	29	30.2	4	10.4	1.8	4.5	2.3	5.8	0.474	1.2	1.9	4.7	1	1.7	0.2	1.1	13600000
Eric Bledsoe	26	34.2	7.2	15.9	1.5	4.2	5.6	11.7	0.502	4.5	5.5	4	6.1	2	0.6	3.5	13500000
Brandon Knight	24	36	7.1	17.2	2.3	6.8	4.8	10.5	0.482	3	3.5	3.9	5.1	1.2	0.4	3.4	13500000
Al Jefferson	31	23.3	5.2	10.7	0	0	5.2	10.7	0.485	1.5	2.4	6.4	1.5	0.6	0.9	0.7	13500000
Tony Parker	33	27.5	4.9	9.9	0.4	0.9	4.5	9	0.512	1.8	2.4	2.4	5.3	0.8	0.2	1.8	13437500
Joakim Noah	30	21.9	1.8	4.6	0	0	1.8	4.6	0.383	0.8	1.6	8.8	3.8	0.6	1	1.8	13400000
Nicolas Batum	27	35	5.3	12.5	2	5.7	3.3	6.8	0.506	2.3	2.7	6.1	5.8	0.9	0.6	2.9	13125306
Nene Hilario	33	19.2	3.7	6.7	0	0.1	3.7	6.7	0.544	1.9	3.2	4.5	1.7	0.9	0.5	1.3	13000000
Tyson Chandler	33	24.5	2.8	4.8	0	0	2.8	4.7	0.583	1.6	2.6	8.7	1	0.5	0.7	1.4	13000000
Ricky Rubio	25	30.6	2.9	7.7	0.8	2.5	2.1	5.2	0.427	3.5	4.1	4.3	8.7	2.1	0.1	2.5	12700000
Robin Lopez	27	27.1	4.4	8.1	0	0	4.4	8.1	0.539	1.6	2	7.3	1.4	0.2	1.6	1.6	12650000
Rudy Gay	29	34	6.7	14.4	1.1	3.1	5.6	11.3	0.5	2.8	3.6	6.5	1.7	1.4	0.7	2	12403101
Serge Ibaka	26	32.1	5.3	11.1	0.8	2.4	4.6	8.8	0.513	1.2	1.6	6.8	0.8	0.5	1.9	1.4	12250000
Nikola Pekovic	30	13	1.6	4.2	0	0	1.6	4.2	0.38	1.3	1.7	1.8	0.9	0.1	0	0.8	12100000
Kemba Walker	25	35.6	7	16.4	2.2	6	4.8	10.4	0.495	4.6	5.4	4.4	5.2	1.6	0.5	2.1	12000000
Amir Johnson	28	22.8	3.2	5.4	0.1	0.5	3	4.8	0.596	0.9	1.5	6.4	1.7	0.7	1.1	1.2	12000000
Andre Iguodala	32	26.6	2.7	5.7	0.8	2.4	1.9	3.3	0.552	0.8	1.3	4	3.4	1.1	0.3	1.2	11710456
Stephen Curry	27	34.2	10.2	20.2	5.1	11.2	5.1	9	0.63	4.6	5.1	5.4	6.7	2.1	0.2	3.3	11370786
Nikola Vucevic	25	31.3	8.2	16.1	0	0.1	8.2	16	0.511	1.7	2.3	8.9	2.8	0.8	1.1	1.9	11250000
Thaddeus Young	27	33	6.8	13.2	0.1	0.4	6.7	12.8	0.518	1.4	2.2	9	1.8	1.5	0.5	1.9	11235955
Kenneth Faried	26	25.3	5.2	9.3	0	0	5.2	9.3	0.558	2	3.3	8.7	1.2	0.5	0.9	1.4	11235955
Marcin Gortat	31	30.1	5.8	10.2	0	0	5.8	10.2	0.567	1.9	2.8	9.9	1.4	0.6	1.3	1.6	11217391
Tyreke Evans	26	30.6	5.4	12.6	1.3	3.4	4.1	9.2	0.486	3	3.7	5.2	6.6	1.3	0.3	2.9	10734586
Jrue Holiday	25	28.2	6.3	14.4	1.3	4	5	10.4	0.485	2.8	3.3	3	6	1.4	0.3	2.6	10595507
Brendan Haywood	0		0		0		0		0		0		0		0		10522500
Wilson Chandler	0		0		0		0		0		0		0		0		10449438
Monta Ellis	30	33.8	5.4	12.6	1.1	3.5	4.3	9.1	0.47	2	2.5	3.3	4.7	1.9	0.5	2.5	10300000
Luol Deng	30	32.4	4.6	10.1	1.2	3.5	3.4	6.6	0.514	2	2.6	6	1.9	1	0.4	1.1	10151612
Gerald Wallace	0		0		0		0		0		0		0		0		10105855
DeMar DeRozan	26	35.9	7.9	17.7	0.6	1.8	7.3	15.9	0.463	7.1	8.4	4.5	4	1	0.3	2.2	10050000
Danny Green	28	26.1	2.7	7.1	1.5	4.4	1.2	2.7	0.48	0.4	0.6	3.8	1.8	1	0.8	0.9	10000000
Tiago Splitter	31	16.1	2.3	4.3	0	0.1	2.3	4.3	0.523	1.1	1.3	3.3	0.8	0.6	0.3	0.7	9756250
Jeff Green	29	28.2	4.4	10.3	0.8	2.7	3.6	7.6	0.47	2.1	2.8	4.2	1.7	0.7	0.5	1.2	9650000
Zach Randolph	34	29.6	6.3	13.3	0.1	0.4	6.3	13	0.479	2.5	3.2	7.8	2.1	0.6	0.2	1.5	9638555
Mike Conley	28	31.4	5.3	12.4	1.4	3.8	3.9	8.6	0.478	3.4	4.1	2.9	6.1	1.2	0.3	1.5	9588426
Rajon Rondo	29	35.2	4.9	10.9	0.9	2.4	4.1	8.5	0.494	1.2	2.1	6	11.7	2	0.1	3.9	9500000
Alec Burks	24	25.7	4.4	10.8	1	2.5	3.4	8.2	0.458	3.4	4.5	3.5	2	0.6	0.1	1.6	9463484
Omer Asik	29	17.3	1.5	2.9	0	0	1.5	2.9	0.533	0.9	1.6	6.1	0.4	0.3	0.3	0.9	9213483
Lance Stephenson	25	19.9	3.3	6.9	0.4	1.1	2.9	5.7	0.513	1.3	1.6	3.2	1.9	0.6	0.1	1.4	9000000
Iman Shumpert	25	24.4	2.1	5.6	0.8	2.7	1.3	2.9	0.444	0.7	0.9	3.8	1.7	1	0.4	1.1	8988765
Taj Gibson	30	26.5	3.6	6.8	0	0	3.6	6.8	0.526	1.4	2	6.9	1.5	0.6	1.1	1.1	8500000
Kevin Garnett	39	14.6	1.4	3	0	0	1.4	3	0.47	0.4	0.6	3.9	1.6	0.7	0.3	0.4	8500000
Brandon Jennings	26	18.1	2.3	6.3	1.1	3.2	1.3	3.1	0.452	1.2	1.6	2	3.5	0.6	0.1	1.2	8344497
Dirk Nowitzki	37	31.5	6.6	14.8	1.7	4.6	5	10.3	0.504	3.3	3.7	6.5	1.8	0.7	0.7	1.1	8333334
Corey Brewer	29	20.4	2.6	6.7	0.7	2.7	1.8	4	0.439	1.3	1.7	2.4	1.3	1	0.2	1	8229375
Trevor Ariza	30	35.3	4.4	10.6	2.3	6.2	2.1	4.4	0.523	1.6	2	4.5	2.3	2	0.3	1.4	8193030
Channing Frye	32	17.1	2.2	5	1.3	3.4	0.9	1.6	0.569	0.4	0.5	3.3	1	0.4	0.4	0.6	8193029
Al-Farouq Aminu	25	28.5	3.6	8.8	1.5	4.3	2.1	4.5	0.503	1.4	1.9	6.1	1.7	0.9	0.6	1.5	8042895
Jeff Teague	27	28.5	5.5	12.5	1.4	3.5	4.1	9	0.495	3.3	3.9	2.7	5.9	1.2	0.3	2.8	8000000
Arron Afflalo	30	33.4	5	11.3	1.3	3.4	3.7	7.9	0.5	1.5	1.8	3.7	2	0.4	0.1	1.2	8000000
Markieff Morris	26	25.5	4.8	11.2	0.7	2.4	4	8.8	0.458	1.7	2.3	5.5	1.9	0.9	0.5	2.1	8000000
Ersan Ilyasova	28	25.4	3.8	8.9	1.3	3.5	2.5	5.4	0.496	1.5	2.1	5.4	0.9	0.7	0.4	1	7900000
Avery Bradley	25	33.4	6	13.4	1.9	5.4	4.1	8.1	0.52	1.3	1.6	2.9	2.1	1.5	0.3	1.4	7730337
Kosta Koufos	26	19	3	5.7	0	0	3	5.7	0.532	0.7	1.3	5.4	0.4	0.5	0.9	0.6	7700000
Boris Diaw	33	18.2	2.7	5	0.3	0.9	2.3	4.1	0.56	0.7	1	3.1	2.3	0.3	0.3	1.3	7500000
Pau Gasol	35	31.8	6.5	13.8	0.3	1	6.2	12.9	0.481	3.2	4	11	4.1	0.6	2	2.3	7448760
Jose Calderon	34	28.1	2.9	6.3	1.2	2.8	1.7	3.5	0.552	0.6	0.7	3.2	4.2	0.9	0.1	1.2	7402812
J.J. Redick	31	28	5.6	11.7	2.7	5.6	3	6.1	0.593	2.4	2.7	1.9	1.4	0.6	0.1	1	7085000
Anthony Davis	22	35.5	9.2	18.6	0.6	1.8	8.6	16.9	0.508	5.3	7	10.3	1.9	1.3	2	2	7070730
Marvin Williams	29	28.9	4.2	9.2	1.9	4.7	2.3	4.6	0.554	1.5	1.8	6.4	1.4	0.7	1	0.8	7000000
Rodney Stuckey	29	22	3.2	7.6	0.3	1.4	2.8	6.2	0.436	2.3	2.7	2.7	2.4	0.7	0.1	1.3	7000000
Louis Williams	0		0		0		0		0		0		0		0		7000000
Ed Davis	26	20.8	2.5	4.2	0	0	2.5	4.2	0.611	1.4	2.5	7.4	1.1	0.7	0.9	0.8	6980802
Isaiah Thomas	26	32.2	7.2	16.9	2	5.7	5.2	11.2	0.488	5.8	6.6	3	6.2	1.1	0.1	2.7	6912869
Jae Crowder	25	31.6	4.9	11.1	1.7	5	3.3	6.2	0.518	2.7	3.3	5.1	1.8	1.7	0.5	1.1	6796117
Greivis Vasquez	29	20	2	6	0.8	3.2	1.2	2.8	0.391	1	1.1	2	4	0.4	0	1.7	6600000
Carl Landry	32	15.8	3.9	6.9	0.2	0.4	3.7	6.6	0.568	1.9	2.5	4.1	0.9	0.3	0.3	0.6	6500000
Aron Baynes	29	15.2	2.4	4.7	0	0	2.4	4.7	0.505	1.6	2	4.7	0.6	0.3	0.6	0.8	6500000
Patrick Beverley	27	28.7	3.6	8.4	1.7	4.4	1.9	4	0.539	0.8	1.2	3.5	3.4	1.3	0.4	1.3	6486486
Michael Kidd-Gilchrist	22	29.3	4.7	8.7	0.4	1	4.3	7.7	0.566	2.9	4.1	6.4	1.3	0.4	0.4	1.1	6331404
Jarrett Jack	32	32.1	4.4	11.2	1	3.2	3.4	8	0.434	3.1	3.5	4.3	7.4	1.1	0.2	2.9	6300000
Jodie Meeks	28	14.3	2.3	6.7	1.3	3	1	3.7	0.45	1.3	1.3	1.7	1	0	0	0.3	6270000
Patrick Patterson	26	25.6	2.6	6.2	1.3	3.7	1.2	2.5	0.521	0.4	0.4	4.3	1.2	0.7	0.4	0.8	6268675
Spencer Hawes	27	18.2	2.2	5.4	0.7	1.8	1.5	3.6	0.467	0.9	1.1	4.3	1.9	0.4	0.5	1	6110034
Marco Belinelli	29	24.6	3.6	9.3	1.3	4.4	2.3	5	0.457	1.7	2	1.7	1.9	0.5	0	1.2	6060606
Gerald Henderson	28	19.9	3.2	7.3	0.7	1.9	2.6	5.5	0.484	1.6	2	2.9	1	0.5	0.3	0.9	6000000
Andrew Wiggins	20	35.1	7.3	16	0.7	2.3	6.6	13.6	0.481	5.3	7	3.6	2	1	0.6	2.2	5758680
Kyle Korver	34	30	3.4	7.7	2	5	1.4	2.7	0.563	0.6	0.7	3.3	2.1	0.8	0.4	1.2	5746479
Karl-Anthony Towns	20	32	7.6	14.1	0.4	1.1	7.3	13	0.555	2.7	3.4	10.5	2	0.7	1.7	2.2	5703600
Bradley Beal	22	31.1	6.5	14.5	1.9	4.9	4.6	9.6	0.515	2.5	3.2	3.4	2.9	1	0.2	2	5694674
Jamal Crawford	35	26.9	4.8	11.9	1.5	4.4	3.3	7.5	0.466	3.1	3.4	1.8	2.3	0.7	0.2	1.4	5675000
Courtney Lee	30	29.5	3.7	8.1	1	2.7	2.6	5.3	0.518	1.3	1.5	2.6	1.7	1.1	0.4	0.9	5675000
Martell Webster	0		0		0		0		0		0		0		0		5613500
Nikola Mirotic	24	24.9	3.8	9.2	2	5.2	1.7	4	0.518	2.2	2.7	5.5	1.5	0.9	0.7	1.5	5543725
Shaun Livingston	30	19.5	2.6	4.9	0	0.2	2.6	4.7	0.538	1	1.2	2.2	3	0.7	0.3	1	5543725
Josh McRoberts	28	14.2	1.3	3.5	0.3	1.2	1	2.4	0.412	0.7	1	2.5	1.9	0.4	0.2	0.7	5543725
Mirza Teletovic	30	21.3	4.2	9.8	2.3	5.8	1.9	4	0.544	1.5	2	3.8	1.1	0.4	0.3	1.1	5500000
P.J. Tucker	30	31	2.9	7.1	0.8	2.5	2.1	4.6	0.469	1.3	1.7	6.2	2.2	1.3	0.2	1.4	5500000
Brandan Wright	28	17.7	2.9	4.3	0	0	2.9	4.3	0.673	1.1	2	3.6	0.5	0.4	1.3	0.8	5464000
Deron Williams	31	32.4	4.9	11.9	1.5	4.3	3.4	7.6	0.477	2.8	3.2	2.9	5.8	0.9	0.2	2.3	5378974
Tim Duncan	39	25.2	3.5	7.2	0	0	3.5	7.2	0.488	1.5	2.1	7.3	2.7	0.8	1.3	1.5	5250000
Nick Young	30	19.1	2.3	6.9	1.4	4.4	0.9	2.5	0.442	1.2	1.4	1.8	0.6	0.4	0.1	0.6	5219169
Zaza Pachulia	31	26.4	2.9	6.2	0	0	2.9	6.1	0.466	2.8	3.6	9.4	1.7	0.8	0.3	1.6	5200000
Victor Oladipo	23	33	5.9	13.5	1.4	3.9	4.5	9.6	0.489	2.8	3.4	4.8	3.9	1.6	0.8	2.1	5192520
Tony Allen	34	25.3	3.4	7.3	0.2	0.7	3.1	6.7	0.474	1.4	2.2	4.6	1.1	1.7	0.3	1.2	5158539
Jabari Parker	20	31.7	5.8	11.8	0.1	0.5	5.7	11.4	0.498	2.3	3	5.2	1.7	0.9	0.4	1.5	5152440
Dion Waiters	24	27.6	3.6	9.1	1.1	3.1	2.5	6	0.46	1.4	2	2.6	2	1	0.2	1.5	5138430
D'Angelo Russell	19	28.2	4.9	12	1.6	4.6	3.3	7.3	0.478	1.8	2.4	3.4	3.3	1.2	0.2	2.5	5103120
Chris Kaman	33	7	1.3	2.7	0.1	0.3	1.2	2.4	0.477	0.2	0.2	1.5	0.7	0.1	0.1	0.5	5016000
Darren Collison	28	30	5.1	10.5	1.2	2.9	3.9	7.6	0.542	2.6	3.1	2.3	4.3	1	0.1	1.8	5013559
Jonas Jerebko	28	15.1	1.5	3.7	0.6	1.4	1	2.3	0.488	0.8	1	3.7	0.8	0.3	0.3	0.7	5000000
C.J. Watson	31	19.9	1.4	4.2	0.4	1.5	1	2.7	0.394	1	1.2	2	2.7	0.6	0.2	0.8	5000000
Chris Andersen	37	14.9	1.4	2.7	0.1	0.5	1.3	2.1	0.556	0.9	1.3	3.6	0.4	0.6	0.5	0.3	5000000
Timofey Mozgov	29	17.4	2.7	4.7	0	0.1	2.7	4.6	0.567	0.9	1.3	4.4	0.4	0.3	0.8	0.9	4950000
Trevor Booker	28	20.7	2.4	4.9	0.2	0.5	2.3	4.4	0.505	0.9	1.3	5.7	1.1	0.7	0.5	1	4775000
Otto Porter Jr.	0		0		0		0		0		0		0		0		4662960
Jonas Valanciunas	23	26	5.1	8.9	0	0	5.1	8.9	0.565	2.7	3.6	9.1	0.7	0.4	1.3	1.4	4660482
Joel Embiid	0		0		0		0		0		0		0		0		4626960
Jahlil Okafor	20	30	7.5	14.7	0	0.1	7.5	14.6	0.509	2.5	3.7	7	1.2	0.4	1.2	2.3	4582680
Mike Dunleavy	35	22.7	2.5	6.1	1.3	3.2	1.2	2.9	0.513	0.9	1.2	2.7	1.3	0.5	0.3	0.8	4500000
Kyle Singler	27	14.4	1.3	3.3	0.4	1.4	0.8	1.8	0.457	0.4	0.6	2.1	0.4	0.4	0.1	0.5	4500000
C.J. Miles	28	22.9	4	9.9	2.2	6	1.8	3.9	0.521	1.5	1.9	2.7	1	0.8	0.5	1.1	4394225
Alexis Ajinca	27	14.6	2.5	5.3	0	0	2.5	5.3	0.476	0.9	1.1	4.6	0.5	0.3	0.6	0.9	4389607
Jared Dudley	30	25.9	2.9	6	1.2	2.9	1.6	3.1	0.581	0.9	1.2	3.5	2.1	0.9	0.2	1	4375000
Jameer Nelson	33	26.6	2.9	7.9	1.1	3.7	1.8	4.2	0.438	0.8	0.9	2.9	4.9	0.6	0.1	1.7	4345000
Mario Chalmers	29	22.5	3	7.3	0.8	2.4	2.2	4.8	0.462	3.6	4.3	2.6	3.8	1.4	0.2	1.8	4300000
Jason Smith	29	15.5	3.2	6.6	0.1	0.2	3.2	6.4	0.489	0.7	0.9	2.9	0.8	0.4	0.9	0.8	4300000
J.J. Barea	31	22.5	4.3	9.6	1.4	3.5	2.9	6.1	0.516	1	1.3	2.1	4.1	0.4	0	1.5	4290000
Damian Lillard	25	35.7	8.2	19.7	3.1	8.1	5.2	11.5	0.497	5.5	6.2	4	6.8	0.9	0.4	3.2	4236287
Cody Zeller	23	24.3	3.2	6	0	0.1	3.2	5.8	0.53	2.4	3.2	6.2	1	0.8	0.9	0.9	4204200
Aaron Gordon	20	23.9	3.5	7.4	0.5	1.8	3	5.6	0.509	1.7	2.5	6.5	1.6	0.8	0.7	0.8	4171680
Kristaps Porzingis	20	28.4	5.2	12.3	1.1	3.4	4.1	8.9	0.467	2.8	3.3	7.3	1.3	0.7	1.9	1.7	4131720
Vince Carter	39	16.8	2.2	5.7	1	2.8	1.2	2.9	0.474	1.2	1.4	2.4	0.9	0.6	0.3	0.6	4088019
Devin Harris	32	20	2.6	5.8	0.8	2.5	1.8	3.4	0.516	1.6	2.2	2.2	1.8	0.9	0.2	1	4053446
Lavoy Allen	26	20.2	2.4	4.7	0	0	2.4	4.7	0.516	0.6	0.9	5.4	1	0.3	0.5	0.9	4050000
Ian Mahinmi	29	25.6	3.7	6.3	0	0	3.7	6.3	0.589	1.9	3.2	7.1	1.5	0.9	1.1	1.4	4000000
Jordan Hill	28	20.7	3.8	7.5	0	0	3.8	7.5	0.506	1.2	1.7	6.2	1.2	0.5	0.5	1.3	4000000
Thabo Sefolosha	31	23.4	2.5	5	0.6	1.7	1.9	3.3	0.562	0.8	1.3	4.5	1.4	1.1	0.5	0.9	4000000
Raymond Felton	31	27.4	3.5	8.5	0.8	2.7	2.7	5.9	0.45	1.9	2.2	3.2	3.6	0.9	0.2	1.5	3950313
Nemanja Bjelica	27	17.9	1.8	3.9	0.8	2.1	1	1.8	0.57	0.7	0.9	3.5	1.4	0.4	0.4	0.8	3950001
Harrison Barnes	23	30.9	4.5	9.6	1.2	3.2	3.2	6.3	0.531	1.5	2	4.9	1.8	0.6	0.2	0.9	3873398
Marreese Speights	28	11.6	2.7	6.3	0.3	0.9	2.4	5.5	0.458	1.3	1.6	3.3	0.8	0.3	0.5	0.9	3815000
Alex Len	22	23.3	3.4	8	0	0.1	3.4	7.9	0.424	2.2	3.1	7.6	1.2	0.5	0.8	1.9	3807120
Dante Exum	0		0		0		0		0		0		0		0		3777720
Kyle O'Quinn	25	11.8	2	4.2	0.1	0.3	1.9	3.8	0.485	0.7	0.9	3.8	1.1	0.3	0.8	0.9	3750000
Nick Collison	35	11.8	0.8	1.8	0	0	0.8	1.8	0.459	0.4	0.6	2.9	0.9	0.3	0.3	0.8	3750000
Mario Hezonja	20	17.9	2.3	5.3	0.8	2.4	1.4	2.9	0.513	0.6	0.7	2.2	1.4	0.5	0.2	1.2	3741480
Patty Mills	0		0		0		0		0		0		0		0		3578947
Terrence Ross	24	23.9	3.7	8.6	1.8	4.6	1.9	3.9	0.536	0.7	0.8	2.5	0.8	0.7	0.3	0.6	3553917
Matt Barnes	35	28.8	3.5	9.1	1.6	4.9	1.9	4.3	0.467	1.5	1.8	5.5	2.1	1	0.8	1.6	3542500
Will Barton	25	28.7	5.2	12	1.4	4	3.8	8	0.489	2.6	3.3	5.8	2.5	0.9	0.5	1.7	3533333
Nerlens Noel	21	29.3	4.6	8.8	0	0	4.6	8.7	0.522	2	3.4	8.1	1.8	1.8	1.5	2.4	3457800
Marcus Smart	21	27.3	3	8.7	1	4	2	4.7	0.405	2.1	2.7	4.2	3	1.5	0.3	1.3	3431040
Bojan Bogdanovic	26	26.8	4.1	9.5	1.6	4.3	2.5	5.2	0.519	1.4	1.7	3.2	1.3	0.4	0.1	1.5	3425510
Evan Turner	27	28	4.2	9.3	0.2	1	4	8.3	0.469	1.8	2.2	4.9	4.4	1	0.3	2.1	3425510
Willie Cauley-Stein	22	21.4	2.9	5.1	0	0	2.9	5.1	0.563	1.2	1.9	5.3	0.6	0.7	1	0.7	3398280
Quincy Pondexter	0		0		0		0		0		0		0		0		3382023
Paul Pierce	38	18.1	2.1	5.8	1.1	3.6	1	2.3	0.457	0.8	1	2.7	1	0.5	0.3	0.9	3376000
Anthony Morrow	30	13.6	2	4.9	1.2	3	0.8	1.9	0.527	0.4	0.6	0.9	0.4	0.3	0.1	0.3	3344000
Mike Scott	27	15.3	2.3	5	0.8	2.1	1.5	2.9	0.551	0.7	0.8	2.7	1	0.3	0.2	0.6	3333333
Drew Gooden	34	10.2	1.1	3.4	0.2	1.4	0.9	2.1	0.354	0.3	0.5	2.8	0.4	0.3	0.4	0.4	3300000
Andre Drummond	22	32.9	6.8	13.1	0	0.1	6.8	13	0.522	2.6	7.2	14.8	0.8	1.5	1.4	1.9	3272091
K.J. McDaniels	22	6.4	0.8	1.9	0.2	0.7	0.6	1.3	0.451	0.6	0.8	1.1	0.3	0.2	0.2	0.5	3189794
Ben McLemore	22	21.2	2.9	6.7	1	2.7	1.9	4	0.502	1.1	1.5	2.2	1.2	0.8	0.1	1.5	3156600
Randy Foye	32	20.3	2.1	6	0.9	3.1	1.2	2.9	0.428	0.8	0.9	1.9	2	0.5	0.4	1.1	3135000
Julius Randle	21	28.2	4.4	10.3	0.1	0.4	4.3	9.9	0.435	2.4	3.3	10.2	1.8	0.7	0.4	1.8	3132240
Austin Rivers	23	21.9	3.4	7.7	0.9	2.8	2.4	4.9	0.498	1.2	1.7	1.9	1.5	0.7	0.1	0.9	3110796
Emmanuel Mudiay	19	30.4	4.8	13.3	1.1	3.4	3.8	9.9	0.404	2.1	3.1	3.4	5.5	1	0.5	3.2	3102240
Meyers Leonard	23	21.9	3.2	7.1	1.4	3.7	1.8	3.4	0.547	0.6	0.8	5.1	1.5	0.1	0.3	1.3	3075880
Norris Cole	27	26.6	4.4	10.8	0.7	2.3	3.6	8.5	0.439	1.2	1.4	3.4	3.7	0.8	0.1	1.7	3036927
Jeremy Lamb	23	18.6	3.5	7.7	0.8	2.7	2.6	5	0.506	1	1.3	3.8	1.2	0.6	0.5	0.8	3034356
Brandon Bass	30	20.3	2.6	4.8	0	0	2.6	4.8	0.549	1.9	2.2	4.3	1.1	0.5	0.8	0.6	3000000
Anthony Tolliver	30	18.6	1.8	4.6	1.4	3.8	0.4	0.8	0.533	0.4	0.7	3.2	0.7	0.4	0.2	0.4	3000000
John Henson	25	16.8	2.9	5.1	0	0	2.9	5.1	0.564	1.2	2.1	3.9	0.9	0.3	1.9	1.1	2943221
Luis Scola	35	21.5	3.5	7.9	0.9	2.1	2.7	5.8	0.504	0.8	1.1	4.7	0.9	0.6	0.4	0.9	2900000
Tibor Pleiss	26	6.8	0.9	2.1	0	0.2	0.9	1.9	0.44	0.2	0.2	1.3	0.2	0.1	0.2	0.7	2900000
Maurice Harkless	22	18.7	2.5	5.3	0.5	1.8	2	3.5	0.522	0.9	1.4	3.6	0.9	0.6	0.4	0.8	2894059
Kentavious Caldwell-Pope	22	36.7	5.3	12.6	1.5	4.9	3.8	7.8	0.479	2.4	3	3.7	1.8	1.4	0.2	1.4	2891760
Nik Stauskas	22	24.8	2.9	7.5	1.5	4.5	1.4	3	0.483	1.2	1.6	2.5	1.9	0.6	0.3	1.3	2869440
Brian Roberts	30	9.2	1.5	3.2	0.3	0.8	1.2	2.4	0.494	0.8	0.9	0.8	1.1	0.2	0	0.5	2854940
Kirk Hinrich	35	13.7	1.1	2.8	0.5	1.3	0.5	1.5	0.473	0.3	0.3	1.5	1.6	0.3	0	0.7	2854940
Dante Cunningham	28	24.6	2.3	5.2	0.7	2.2	1.6	3	0.518	0.7	1	3	1	0.5	0.4	0.5	2850000
Stanley Johnson	19	23.1	3.1	8.2	0.9	2.8	2.2	5.4	0.428	1.1	1.4	4.2	1.6	0.8	0.2	1.6	2841960
Furkan Aldemir	0		0		0		0		0		0		0		0		2836768
Omri Casspi	27	27.2	4.3	9	1.6	4	2.7	5	0.571	1.5	2.3	5.9	1.4	0.8	0.2	1.4	2836186
Manu Ginobili	38	19.6	3.4	7.5	1.2	3.1	2.2	4.4	0.533	1.6	1.9	2.5	3.1	1.1	0.2	1.7	2814000
Darrell Arthur	27	21.7	3.2	7	0.6	1.7	2.5	5.3	0.498	0.6	0.8	4.2	1.4	0.8	0.7	0.9	2814000
Kevin Seraphin	26	11	1.8	4.3	0	0	1.8	4.2	0.41	0.4	0.5	2.6	1	0.2	0.8	0.9	2814000
Sonny Weems	29	11.6	1	2.6	0.3	1	0.6	1.6	0.45	0.2	0.3	1.2	1.1	0.2	0	1	2814000
Luke Ridnour	0		0		0		0		0		0		0		0		2750000
Trey Burke	23	21.3	4.1	9.9	1.4	4	2.7	5.9	0.483	1	1.3	1.8	2.3	0.5	0.1	1.3	2658240
Noah Vonleh	20	15.1	1.5	3.6	0.1	0.6	1.4	3	0.441	0.5	0.7	3.9	0.4	0.3	0.3	0.6	2637720
Tyler Zeller	26	11.8	2.3	4.8	0	0	2.3	4.8	0.476	1.5	1.8	3	0.5	0.2	0.4	0.8	2616975
Frank Kaminsky III	0		0		0		0		0		0		0		0		2612520
Jared Sullinger	23	23.6	4.3	10	0.4	1.3	4	8.7	0.453	1.3	2	8.3	2.3	0.9	0.6	1.3	2569260
C.J. McCollum	24	34.8	8	17.9	2.5	5.9	5.6	12	0.517	2.3	2.8	3.2	4.3	1.2	0.3	2.5	2525160
Elfrid Payton	21	29.4	4.4	10	0.4	1.3	3.9	8.7	0.456	1.5	2.6	3.6	6.4	1.2	0.3	2.4	2505720
Leandro Barbosa	33	15.9	2.5	5.4	0.6	1.6	1.9	3.8	0.515	0.8	0.9	1.7	1.2	0.6	0.1	0.8	2500000
James Johnson	28	16.2	2	4.2	0.4	1.2	1.6	3.1	0.517	0.7	1.2	2.2	1.2	0.5	0.6	0.9	2500000
Joel Anthony	33	5.1	0.3	0.5	0	0	0.3	0.5	0.6	0.3	0.4	1.1	0.1	0.1	0.6	0.1	2500000
Terrence Jones	24	20.9	3.3	7.3	0.5	1.6	2.8	5.8	0.486	1.5	2.3	4.2	0.8	0.5	0.8	1	2489530
Justise Winslow	19	28.6	2.5	5.9	0.4	1.5	2.1	4.4	0.457	1	1.5	5.2	1.5	0.9	0.3	1.2	2481720
Shelvin Mack	25	20.3	3.5	8	0.8	2.4	2.8	5.6	0.486	0.9	1.2	2.5	3.6	0.7	0.1	1.8	2433333
Michael Carter-Williams	24	30.5	4.6	10.3	0.3	1	4.4	9.3	0.466	2	3	5.1	5.2	1.5	0.8	2.8	2399040
Andrew Nicholson	26	14.7	2.6	5.5	0.7	2	1.9	3.5	0.537	0.9	1.2	3.6	0.4	0.2	0.4	0.7	2380593
Doug McDermott	24	23	3.6	8	1.4	3.2	2.2	4.8	0.537	0.9	1	2.4	0.7	0.2	0.1	0.7	2380440
Myles Turner	19	22.8	4.4	8.8	0.1	0.2	4.4	8.6	0.501	1.5	2	5.5	0.7	0.4	1.4	1.1	2357760
Evan Fournier	23	32.5	5.4	11.8	2	4.9	3.5	6.8	0.546	2.5	3	2.8	2.7	1.2	0	1.7	2288205
Donatas Motiejunas	25	14.8	2.4	5.5	0.4	1.5	2	4	0.478	0.9	1.4	2.9	1.1	0.5	0.1	1.2	2288205
Steven Adams	22	25.2	3.3	5.3	0	0	3.3	5.3	0.613	1.4	2.5	6.7	0.8	0.5	1.1	1.1	2279040
Aaron Brooks	31	16.1	2.7	6.8	1	2.7	1.8	4.1	0.471	0.7	0.9	1.5	2.6	0.4	0.1	1.2	2250000
Trey Lyles	20	17.3	2.4	5.5	0.6	1.6	1.8	3.9	0.494	0.7	1	3.7	0.7	0.3	0.2	0.8	2239800
Ramon Sessions	29	20.3	3.4	7.2	0.4	1.4	3	5.9	0.503	2.6	3.5	2.5	2.9	0.6	0.1	1.4	2170465
Beno Udrih	33	16.1	2	4.5	0.3	1	1.6	3.5	0.472	0.4	0.5	1.6	2.6	0.3	0	1.2	2170465
Steve Blake	35	17	1.6	4.1	0.9	2.6	0.7	1.5	0.496	0.3	0.3	1.5	3.4	0.4	0.1	1.4	2170465
Danny Granger	0		0		0		0		0		0		0		0		2170465
Kelly Olynyk	24	20.2	3.7	8.1	1.2	3	2.4	5	0.531	1.4	1.9	4.1	1.5	0.8	0.5	1.1	2165160
Zach LaVine	20	28	5.3	11.7	1.5	3.9	3.8	7.8	0.516	2	2.5	2.8	3.1	0.8	0.2	1.9	2148360
Kendall Marshall	24	13.3	1.4	3.9	0.5	1.6	0.9	2.3	0.432	0.3	0.4	0.9	2.4	0.5	0.1	1.4	2144772
Jeremy Lin	27	26.3	3.8	9.3	1	2.9	2.9	6.4	0.464	3.1	3.7	3.2	3	0.7	0.5	1.9	2139000
Gary Neal	31	20.2	3.8	8.1	1	2.5	2.8	5.6	0.528	1.2	1.4	2.1	1.2	0.5	0	0.7	2139000
Devin Booker	19	27.7	4.8	11.4	1.3	3.8	3.5	7.6	0.48	2.8	3.4	2.5	2.6	0.6	0.3	2.1	2127840
Miles Plumlee	27	14.3	2.3	3.8	0	0	2.3	3.8	0.601	0.6	1	3.8	0.3	0.3	0.8	0.7	2109294
Mo Williams	33	18.2	3.2	7.4	0.9	2.5	2.3	4.9	0.497	0.9	1	1.8	2.4	0.3	0.1	1.4	2100000
David Lee	32	16.4	3.2	6.1	0	0	3.2	6.1	0.531	1.3	1.7	5.5	1.5	0.4	0.5	1.2	2085671
Shabazz Muhammad	23	20.5	3.9	8.3	0.5	1.9	3.3	6.5	0.498	2.3	3	3.3	0.6	0.3	0.1	0.9	2056920
Joe Ingles	28	15.3	1.5	3.6	1	2.6	0.5	1	0.565	0.2	0.2	1.9	1.2	0.7	0	0.8	2050000
TJ Warren	0		0		0		0		0		0		0		0		2041080
Perry Jones	0		0		0		0		0		0		0		0		2038206
Cameron Payne	21	12.2	2	4.9	0.6	1.9	1.4	2.9	0.475	0.3	0.4	1.5	1.9	0.6	0.1	0.8	2021520
Festus Ezeli	26	16.7	2.7	5	0	0	2.7	5	0.548	1.5	2.9	5.6	0.7	0.4	1.1	0.8	2008748
Kent Bazemore	26	27.8	4.3	9.7	1.5	4.1	2.8	5.6	0.517	1.6	2	5.1	2.3	1.3	0.5	1.8	2000000
DeJuan Blair	26	7.5	1	2.3	0	0	1	2.3	0.412	0.2	0.4	2	0.4	0.3	0.1	0.5	2000000
Giannis Antetokounmpo	21	35.3	6.4	12.7	0.4	1.4	6.1	11.3	0.52	3.7	5.1	7.7	4.3	1.2	1.4	2.6	1953960
Adreian Payne	24	9.3	1	2.8	0.2	0.6	0.8	2.2	0.397	0.3	0.5	2.1	0.6	0.3	0.2	0.7	1938840
Kelly Oubre Jr.	0		0		0		0		0		0		0		0		1920240
Jusuf Nurkic	21	17.1	3.2	7.6	0	0.1	3.2	7.5	0.417	1.9	3.1	5.5	1.3	0.8	1.4	1.7	1842000
Lucas Nogueira	23	7.8	1	1.5	0	0.1	0.9	1.4	0.648	0.3	0.5	1.6	0.2	0.4	0.4	0.4	1842000
Terry Rozier	21	8	0.7	2.7	0.2	0.7	0.6	2	0.302	0.2	0.3	1.6	0.9	0.2	0	0.5	1824360
Dennis Schroder	22	20.3	4.1	9.8	1	3	3.2	6.8	0.471	1.8	2.3	2.6	4.4	0.9	0.1	2.3	1763400
James Young	20	6.9	0.4	1.2	0.2	0.9	0.2	0.3	0.389	0	0.1	0.9	0.3	0.2	0	0.2	1749840
Rashad Vaughn	19	14.3	1.2	3.8	0.6	2.1	0.5	1.7	0.385	0.2	0.2	1.3	0.6	0.4	0.2	0.4	1733040
Ryan Kelly	24	13.1	1.5	4.1	0.1	1	1.4	3.1	0.386	1	1.5	3.4	0.6	0.4	0.3	0.5	1724250
Joffrey Lauvergne	24	17.6	3.3	6.4	0.2	0.9	3.1	5.5	0.53	1.1	1.2	4.9	0.9	0.2	0.3	0.9	1709719
Zoran Dragic	0		0		0		0		0		0		0		0		1706225
Tyler Ennis	21	14.2	1.8	4.1	0.3	0.8	1.5	3.2	0.484	0.5	0.7	1.6	2.1	0.5	0	1	1662360
Sam Dekker	21	2	0	0	0	0	0	0	0	0	0	0.3	0	0.3	0	0	1646400
Lance Thomas	27	22.3	2.9	6.5	0.7	1.8	2.1	4.6	0.5	1.7	2	2.2	0.9	0.4	0.1	1	1636842
Lou Amundson	33	7	0.7	1.8	0	0	0.7	1.8	0.358	0.5	0.9	1.7	0.4	0.2	0.2	0.5	1635476
Sergey Karasev	22	10	0.8	1.9	0.3	0.9	0.5	0.9	0.48	0.7	0.7	1.5	0.9	0.2	0.1	0.6	1599840
Gary Harris	21	32.1	4.7	10.1	1.4	3.9	3.3	6.2	0.538	1.4	1.8	2.9	1.9	1.3	0.2	1.3	1584480
Jerian Grant	23	16.6	2	5.1	0.3	1.3	1.7	3.8	0.422	1.3	1.6	1.9	2.3	0.7	0.1	1.1	1572360
Tony Snell	24	20.3	2	5.3	0.9	2.4	1.1	2.9	0.454	0.5	0.5	3.1	1	0.3	0.3	0.8	1535880
Bruno Caboclo	20	7.2	0.2	2	0.2	1.2	0	0.8	0.125	0	0	0.3	0.2	0.3	0.2	0.7	1524000
Delon Wright	23	8.5	1.3	3	0.2	0.5	1.1	2.5	0.481	1	1.3	1.4	1.1	0.3	0.1	0.6	1509360
Wayne Ellington	28	21.3	2.9	7.4	1.3	3.5	1.6	3.9	0.474	0.7	0.8	2.3	1.1	0.6	0.1	0.6	1500000
Shane Larkin	23	22.4	2.8	6.4	0.5	1.4	2.3	5.1	0.481	1.1	1.4	2.3	4.4	1.2	0.2	1.9	1500000
David West	35	18	3.1	5.7	0	0.1	3.1	5.7	0.548	0.8	1	4	1.8	0.6	0.7	0.9	1499187
Gorgui Dieng	26	27.1	3.8	7.1	0.1	0.2	3.7	6.8	0.537	2.5	3	7.1	1.7	1.1	1.2	1.7	1474440
Mitch McGary	23	3.6	0.6	1.2	0	0.2	0.6	1	0.478	0.2	0.5	0.9	0.2	0.1	0.1	0.4	1463040
Caron Butler	35	10.4	1.5	3.5	0.2	1.1	1.3	2.4	0.449	0.6	0.7	1.3	0.6	0.5	0.1	0.2	1449187
Justin Anderson	22	11.8	1.3	3.2	0.4	1.5	0.9	1.7	0.469	0.8	1	2.4	0.5	0.3	0.5	0.4	1449000
Mason Plumlee	25	25.4	3.3	6.3	0	0	3.3	6.3	0.516	2.6	4.1	7.7	2.8	0.8	1	1.9	1415520
Jordan Adams	21	7.5	1	3	0	0.5	1	2.5	0.333	1.5	2.5	1	1.5	1.5	0	1	1404600
Bobby Portis	20	17.8	3	7	0.3	0.8	2.7	6.2	0.445	0.8	1.1	5.4	0.8	0.4	0.4	0.9	1391160
Andrea Bargnani	30	13.8	2.8	6.1	0.1	0.3	2.7	5.7	0.461	1	1.2	2.1	0.4	0.1	0.2	0.6	1362897
Solomon Hill	24	14.7	1.6	3.5	0.4	1.3	1.2	2.3	0.505	0.6	0.7	2.8	1	0.6	0.2	0.6	1358880
Rodney Hood	23	32.2	5.2	12.3	2	5.7	3.1	6.6	0.503	2.2	2.5	3.4	2.7	0.9	0.2	1.6	1348440
Rondae Hollis-Jefferson	21	21.2	2.2	4.8	0.1	0.5	2	4.3	0.471	1.3	1.8	5.3	1.5	1.3	0.6	0.9	1335480
Alonzo Gee	28	22.4	1.8	3.5	0.2	0.8	1.6	2.7	0.551	0.6	0.9	3.4	1	0.9	0.2	0.8	1320000
Tim Hardaway Jr.	0		0		0		0		0		0		0		0		1304520
Nikola Jokic	20	21.7	3.8	7.5	0.4	1.1	3.5	6.5	0.535	1.9	2.4	7	2.4	1	0.6	1.3	1300000
Shabazz Napier	24	10.9	1.2	3.7	0.6	1.9	0.6	1.8	0.423	0.6	0.8	1	1.8	0.4	0	0.8	1294440
Tyus Jones	19	15.5	1.5	4.2	0.4	1.4	1.1	2.8	0.41	0.8	1.1	1.3	2.9	0.8	0.1	0.9	1282080
Sasha Kaun	30	3.8	0.4	0.7	0	0	0.4	0.7	0.529	0.2	0.4	1	0.1	0.2	0.2	0.3	1276000
Brandon Rush	30	14.7	1.5	3.6	0.9	2.2	0.6	1.4	0.552	0.3	0.4	2.5	0.8	0.3	0.3	0.5	1270964
Cartier Martin	0		0		0		0		0		0		0		0		1270964
Reggie Bullock	24	11.6	1.2	2.6	0.6	1.4	0.6	1.2	0.551	0.4	0.4	1.8	0.7	0.3	0.1	0.2	1252440
Clint Capela	21	19.1	3	5.2	0	0	3	5.1	0.582	1	2.7	6.4	0.6	0.8	1.2	0.8	1242720
Jarell Martin	21	14.1	2	4.3	0	0.1	2	4.2	0.466	1.7	2.3	3.2	0.6	0.3	0.3	0.7	1230840
Andre Roberson	24	22.2	1.9	3.9	0.5	1.5	1.5	2.4	0.555	0.5	0.8	3.6	0.7	0.8	0.6	0.5	1210800
P.J. Hairston	23	19.9	2.2	6.2	1.1	3.7	1.1	2.5	0.441	0.8	1	2.6	0.6	0.5	0.2	0.6	1201440
Boban Marjanovic	27	9.4	1.9	3.2	0	0	1.9	3.2	0.603	1.6	2.1	3.6	0.4	0.2	0.4	0.5	1200000
Reggie Williams	0		0		0		0		0		0		0		0		1185784
Earl Clark	0		0		0		0		0		0		0		0		1185784
Rudy Gobert	23	31.7	3.2	5.8	0	0	3.2	5.8	0.559	2.6	4.6	11	1.5	0.7	2.2	1.9	1175880
Jordan Mickey	21	3.6	0.5	1.4	0	0	0.5	1.4	0.364	0.3	0.6	0.8	0.1	0	0.7	0.1	1170960
Toney Douglas	29	20.7	3	7.3	1.3	3.3	1.7	4	0.502	1.4	1.6	2.3	2.6	1.1	0.1	1	1164858
Archie Goodwin	21	19.5	3.1	7.4	0.4	1.7	2.7	5.7	0.444	2.3	3.4	2.5	2.1	0.5	0.2	1.8	1160160
CJ Wilcox	0		0		0		0		0		0		0		0		1159680
Larry Nance Jr.	23	20.1	2.5	4.8	0	0.2	2.5	4.6	0.528	0.5	0.7	5	0.7	0.9	0.4	0.7	1155600
Chris Copeland	31	6.5	0.7	2.1	0.4	1.5	0.3	0.6	0.431	0.3	0.3	0.4	0.5	0.1	0	0.3	1150000
Damjan Rudez	29	8.4	0.8	1.9	0.5	1.5	0.2	0.4	0.54	0.2	0.2	0.6	0.3	0.1	0	0.4	1149500
R.J. Hunter	22	8.8	1	2.7	0.5	1.8	0.5	1	0.464	0.2	0.2	1	0.4	0.4	0.1	0.3	1148640
Matthew Dellavedova	25	24.6	2.7	6.7	1.3	3.1	1.4	3.6	0.501	0.8	0.9	2.1	4.4	0.6	0.1	1.5	1147276
Kyle Anderson	22	16	1.8	3.8	0.2	0.5	1.6	3.3	0.488	0.8	1.1	3.1	1.6	0.8	0.4	0.8	1142880
Chris McCullough	20	15.1	1.8	4.5	0.5	1.4	1.3	3.1	0.463	0.5	1	2.8	0.4	1.2	0.5	0.6	1140240
Josh Huestis	24	11	1	2.4	0.8	1.2	0.2	1.2	0.583	0	0.8	2	0	0.2	0.4	0.6	1140240
Kevon Looney	19	4.2	0.8	1.4	0.2	0.4	0.6	1	0.643	0	0	2	0	0	0	0.2	1131960
Garrett Temple	29	24.4	2.5	6.3	1.1	3.2	1.4	3.1	0.486	1.1	1.6	2.7	1.8	0.9	0.2	0.8	1100602
Luke Babbitt	26	18	2.6	6.1	0.9	2.3	1.7	3.8	0.498	0.8	1.1	3.1	1.1	0.2	0.1	0.5	1100602
Cole Aldrich	27	13.3	2.2	3.8	0	0	2.2	3.8	0.596	1	1.4	4.8	0.8	0.8	1.1	1.1	1100602
Jeremy Evans	28	8.4	0.9	1.6	0.1	0.5	0.7	1.1	0.583	0.5	0.7	1.8	0.1	0.2	0.3	0.2	1100602
Glenn Robinson III	0		0		0		0		0		0		0		0		1100000
Richaun Holmes	22	13.8	2.2	4.4	0.2	0.9	2.1	3.5	0.532	1	1.5	2.6	0.6	0.4	0.8	0.6	1074169
Jon Leuer	26	18.7	3.3	7	0.6	1.6	2.7	5.3	0.526	1.1	1.5	5.6	1.1	0.6	0.4	1.1	1035000
Jordan Hamilton	25	27.6	4.5	10.5	1.2	4.1	3.3	6.5	0.478	1.3	1.9	5.6	2.3	0.7	0.3	1.5	1015421
James Anderson	26	14.1	1.3	3.5	0.5	1.7	0.9	1.8	0.441	0.4	0.6	1.7	0.8	0.4	0.3	0.8	1015421
Joey Dorsey	0		0		0		0		0		0		0		0		1015421
Rakeem Christmas	24	6	2	2	0	0	2	2	1	0	0	1	0	0	0	0	1007026
Joe Young	23	9.4	1.5	4.1	0.2	1.1	1.3	3	0.396	0.5	0.6	1.2	1.6	0.4	0	0.8	1007026
Robert Covington	25	28.4	4.1	10.6	2.5	7.2	1.6	3.4	0.504	2.1	2.6	6.3	1.4	1.6	0.6	2.1	1000000
Kris Humphries	30	15.8	2.3	5.6	0.6	2	1.6	3.5	0.468	1.3	1.6	4.1	0.7	0.3	0.4	0.7	1000000
Montrezl Harrell	22	9.7	1.5	2.3	0	0	1.5	2.3	0.644	0.6	1.2	1.7	0.4	0.3	0.3	0.4	1000000
Walter Tavares	23	6.6	1	1.7	0	0	1	1.7	0.579	0.3	0.7	1.9	0.3	0.1	0.5	0.5	1000000
Hassan Whiteside	26	29.1	5.7	9.3	0	0	5.7	9.3	0.606	2.9	4.5	11.8	0.4	0.6	3.7	1.9	981348
Thomas Robinson	24	12.9	1.8	4.1	0	0	1.8	4.1	0.447	0.7	1.5	5.1	0.6	0.5	0.5	1	981348
John Jenkins	24	11.2	1.7	3.7	0.4	1.2	1.3	2.5	0.494	0.5	0.6	1.3	0.8	0.2	0	0.6	981348
Robert Sacre	26	12.8	1.2	3	0	0	1.2	3	0.413	1	1.5	2.9	0.6	0.2	0.4	0.5	981348
Chris Johnson	25	12.2	1	2.8	0.4	1.4	0.6	1.4	0.441	0.5	0.6	1.9	0.6	0.5	0.3	0.6	981348
Jerel McNeal	0		0		0		0		0		0		0		0		981348
Pablo Prigioni	38	13.9	0.9	2.5	0.5	1.6	0.5	0.9	0.469	0.1	0.1	1.9	2.2	0.9	0	0.8	947726
Isaiah Canaan	24	25.5	3.4	9.4	2.3	6.3	1.1	3.1	0.482	1.9	2.3	2.3	1.8	0.7	0.2	1.2	947276
Troy Daniels	24	11.1	2.1	4.3	1.4	2.8	0.7	1.5	0.634	0.1	0.2	1.3	0.5	0.3	0.1	0.6	947276
Willie Reed	25	10.9	1.9	3.4	0	0	1.9	3.4	0.571	0.8	1.4	3.1	0.3	0.2	0.8	0.4	947276
Jeff Withey	25	12.9	1.7	3.2	0	0	1.7	3.1	0.537	0.8	1.2	3.4	0.4	0.4	1	0.5	947276
Tyler Hansbrough	30	7.8	0.7	1.6	0	0.1	0.7	1.5	0.465	0.9	1.5	2	0.2	0.3	0.2	0.3	947276
John Lucas III	0		0		0		0		0		0		0		0		947276
Damien Wilkins	0		0		0		0		0		0		0		0		947276
Grant Jerrett	0		0		0		0		0		0		0		0		947276
Jason Richardson	0		0		0		0		0		0		0		0		947276
Raul Neto	23	18.5	2.2	5.2	0.8	2	1.4	3.2	0.507	0.6	0.9	1.5	2.1	0.8	0	1.3	900000
Jimmer Fredette	26	3	0.3	0.8	0.2	0.3	0.2	0.5	0.5	0.7	0.8	0	0.2	0.2	0	0.3	874837
Damien Inglis	20	7.8	0.7	1.9	0.2	0.7	0.5	1.2	0.392	0.4	0.4	1.6	0.5	0.3	0.2	0.6	855000
Jerami Grant	21	26.8	3.3	7.8	0.5	1.9	2.8	5.9	0.448	2.8	4.2	4.7	1.8	0.7	1.6	1.4	845059
Tyler Johnson	23	24	3.3	6.8	0.8	2	2.5	4.8	0.541	1.4	1.8	3	2.2	0.7	0.4	1.3	845059
Langston Galloway	24	24.8	2.8	7.2	0.9	2.7	1.9	4.4	0.458	1	1.4	3.5	2.5	0.9	0.3	0.7	845059
JaMychal Green	25	18.5	2.9	6.3	0.2	0.6	2.8	5.8	0.48	1.3	1.8	4.8	0.9	0.6	0.4	1.1	845059
James Ennis	25	15	2.5	5.1	1.2	2.6	1.3	2.5	0.593	1.1	1.5	1.9	1	0.7	0.2	0.9	845059
Spencer Dinwiddie	22	13.3	1.6	4.5	0.1	0.8	1.5	3.7	0.361	1.6	2.8	1.4	1.8	0.3	0	0.6	845059
Elijah Millsap	28	8.7	0.6	2	0.1	0.6	0.5	1.4	0.295	0.7	0.9	1.8	1	0.4	0.2	0.5	845059
Russ Smith	24	4.4	0.5	1.5	0.1	0.3	0.4	1.1	0.341	0.5	0.9	0.6	0.7	0.3	0.1	0.5	845059
Terrico White	0		0		0		0		0		0		0		0		845059
Jack Cooley	0		0		0		0		0		0		0		0		845059
Kostas Papanikolaou	25	11.3	0.9	2.5	0.4	1.2	0.5	1.3	0.439	0.3	0.5	1.5	0.6	0.5	0.2	0.8	800321
Bryce Cotton	23	4.9	0.5	1.3	0	0.4	0.5	0.9	0.4	0	0	0	0.4	0.4	0	0.6	700902
Anthony Brown	23	20.7	1.3	4.3	0.7	2.4	0.7	1.9	0.389	0.6	0.7	2.4	0.7	0.5	0.2	0.5	700000
Norman Powell	22	14.8	2	4.7	0.7	1.8	1.2	2.9	0.502	0.9	1.1	2.3	1	0.6	0.2	0.7	650000
Pat Connaughton	23	4.2	0.4	1.4	0.1	0.6	0.2	0.8	0.316	0.1	0.1	0.9	0.3	0.1	0	0.3	625093
Darrun Hilliard	22	10.1	1.4	3.4	0.5	1.3	0.9	2.1	0.469	0.8	1.1	1.2	0.7	0.2	0	0.5	600000
Jarell Eddie	24	5.7	0.8	2.5	0.6	1.8	0.2	0.7	0.423	0.3	0.3	0.9	0.2	0.2	0	0	561716
Josh Richardson	22	21.3	2.4	5.2	1	2.2	1.3	3	0.55	0.8	1.2	2.1	1.4	0.7	0.5	0.7	525093
Christian Wood	20	8.5	1.3	3.1	0.2	0.6	1.1	2.5	0.453	0.8	1.2	2.2	0.2	0.3	0.4	0.1	525093
Cristiano Felicio	23	10.4	1.3	2.3	0	0.1	1.3	2.2	0.556	0.8	1.1	3.3	0.8	0.2	0.4	0.4	525093
Luis Montero	22	3.5	0.4	1.6	0.1	0.8	0.3	0.8	0.289	0.3	0.3	0.3	0.1	0	0	0.3	525093
Aaron Harrison	21	4.4	0.2	0.9	0.1	0.5	0.1	0.4	0.342	0.2	0.6	0.7	0.1	0.3	0	0.2	525093
Greg Whittington	0		0		0		0		0		0		0		0		525093
Deonte Burton	0		0		0		0		0		0		0		0		525093
Kyle Casey	0		0		0		0		0		0		0		0		525093
Treveon Graham	0		0		0		0		0		0		0		0		525093
Jarrid Famous	0		0		0		0		0		0		0		0		525093
Shannon Scott	0		0		0		0		0		0		0		0		525093
Ronald Roberts Jr.	0		0		0		0		0		0		0		0		525093
Terran Petteway	0		0		0		0		0		0		0		0		525093
Michael Beasley	27	18.2	5.4	10.3	0.2	0.5	5.2	9.8	0.529	1.9	2.5	4.9	0.8	0.6	0.5	1.2	306527
Steve Novak	32	4.4	0.8	1.8	0.7	1.5	0.1	0.3	0.639	0.1	0.1	0.5	0	0	0	0.1	295327
Anderson Varejao	33	9.4	1	2.3	0	0	1	2.3	0.427	0.6	0.9	2.7	0.7	0.3	0.2	0.4	289755
JJ Hickson	0		0		0		0		0		0		0		0		273038
Joe Johnson	34	33.4	4.7	10.6	1.5	3.9	3.2	6.7	0.509	1.5	1.8	3.6	3.9	0.8	0	2	261894
JaKarr Sampson	22	15.9	1.9	4.3	0.2	0.9	1.7	3.5	0.464	1.1	1.7	2.6	0.6	0.3	0.5	1	258489
Andre Miller	39	11.8	1.5	2.7	0.1	0.2	1.5	2.5	0.566	0.6	0.8	1.3	2.2	0.4	0	0.9	250750
Jason Thompson	29	10	1.1	2.3	0.1	0.3	1	2	0.505	0.8	1.1	2.9	0.6	0.3	0.4	0.3	245177
Ryan Hollins	31	12.4	1.3	2.1	0	0	1.3	2.1	0.62	0.7	1.1	2.6	0.3	0.2	0.6	0.6	239605
Nazr Mohammed	38	3.8	0.6	1	0	0	0.6	1	0.6	0.4	0.4	0.8	0	0	0	0.6	222888
Ty Lawson	28	21.4	2.1	5.4	0.5	1.6	1.6	3.7	0.444	0.9	1.3	1.8	3.6	0.8	0.1	1.4	211744
Chase Budinger	27	14.1	1.6	3.6	0.4	1.3	1.2	2.3	0.485	0.6	0.8	2.3	1	0.5	0.2	0.7	206192
Marcus Thornton	28	18.2	3.5	8.9	1.5	4.4	2	4.5	0.482	1.1	1.3	2.5	1.4	0.8	0.1	0.8	200600
Kevin Martin	32	19.9	2.8	7.6	0.9	2.5	1.9	5.1	0.431	2.8	3.1	2	1.1	0.5	0.1	1	200600
Andrew Goudelock	27	6.3	1.1	2.5	0.1	1.1	1	1.4	0.475	0.4	0.5	0.3	0.5	0.8	0.3	0.9	200600
Jorge Gutierrez	27	5.3	0.5	0.9	0	0.2	0.5	0.8	0.545	0.8	0.9	0.6	1.4	0.3	0	0.5	189455
Bryce Dejean-Jones	23	19.9	2	4.9	0.9	2.3	1.1	2.6	0.493	0.8	1.5	3.4	1.1	0.7	0.1	0.8	169883
Tony Wroten	22	18	2.8	8.1	0.4	2.1	2.4	6	0.362	2.5	4.6	2.6	2.5	0.4	0	3.6	167406
Sean Kilpatrick	26	19.9	4	8.7	1.3	3.7	2.7	5	0.528	1.9	2.2	1.8	0.9	0.4	0.1	1	134215
Lorenzo Brown	25	7.6	1	3.1	0.1	1	0.9	2.1	0.34	0.4	0.5	0.9	1.4	0.4	0.1	1.1	111444
Jeff Ayres	28	6.3	0.7	1.4	0	0.1	0.7	1.3	0.522	0.4	0.4	1.3	0.3	0	0.2	0.4	111444
Jordan McRae	24	8.9	1.5	3.5	0.5	1	1.1	2.5	0.5	1	1.3	0.9	1.1	0.1	0	0.7	111196
Erick Green	24	4.7	0.6	1.4	0.1	0.6	0.4	0.9	0.423	0.2	0.2	0.7	0.3	0.1	0	0	99418
Alan Williams	23	6.8	1	2.4	0	0	1	2.4	0.417	0.9	1.4	3.8	0.5	0.4	0.5	0.6	83397
Keith Appling	23	5.4	0.4	1.6	0	0.6	0.4	1	0.25	0.4	0.4	0.2	0.2	0.2	0	0.6	61776
Orlando Johnson	26	14.4	1.3	4.9	0.3	1.4	1	3.4	0.294	0.9	1.1	2.1	0.3	0.4	0.4	0.6	55722
Phil Pressey	24	12.3	1.3	3.4	0.2	0.8	1.1	2.6	0.41	0.6	1.1	1.3	3.3	0.8	0.2	1.4	55722
Elliot Williams	26	9	0.4	2	0.2	0.8	0.2	1.2	0.25	0.6	0.8	0.8	0.8	0	0	0.2	55722
Cory Jefferson	25	6.3	1.1	2.8	0	0.1	1.1	2.6	0.409	0.5	0.8	2	0	0	0.1	0	49709
Thanasis Antetokounmpo	23	3	1.5	2	0	0.5	1.5	1.5	0.75	0	0	0.5	0	0	0	0	30888
